{
  "95.0": {
    "avg_distance": 1181.9024390243903,
    "frequency": 4.1,
    "count": 41
  },
  "105.0": {
    "avg_distance": 352.42857142857144,
    "frequency": 2.8,
    "count": 28
  },
  "240.0": {
    "avg_distance": 83.70588235294117,
    "frequency": 3.4,
    "count": 34
  },
  "250.0": {
    "avg_distance": 908.0869565217391,
    "frequency": 2.3,
    "count": 23
  },
  "255.0": {
    "avg_distance": 1333.15625,
    "frequency": 3.2,
    "count": 32
  },
  "260.0": {
    "avg_distance": 1551.6666666666667,
    "frequency": 0.3,
    "count": 3
  },
  "245.0": {
    "avg_distance": 707.2380952380952,
    "frequency": 2.1,
    "count": 21
  },
  "90.0": {
    "avg_distance": 1533.8333333333333,
    "frequency": 0.6,
    "count": 6
  },
  "100.0": {
    "avg_distance": 956.3684210526316,
    "frequency": 1.9,
    "count": 19
  },
  "110.0": {
    "avg_distance": 74.94117647058823,
    "frequency": 1.7,
    "count": 17
  }
}