{
  "95.0": {
    "avg_distance": 1195.4634146341464,
    "frequency": 4.1,
    "count": 41
  },
  "250.0": {
    "avg_distance": 941.5869565217391,
    "frequency": 4.6,
    "count": 46
  },
  "255.0": {
    "avg_distance": 1302.75,
    "frequency": 2.8,
    "count": 28
  },
  "110.0": {
    "avg_distance": 83.48,
    "frequency": 2.5,
    "count": 25
  },
  "100.0": {
    "avg_distance": 922.7857142857143,
    "frequency": 2.8,
    "count": 28
  },
  "105.0": {
    "avg_distance": 439.4117647058824,
    "frequency": 1.7,
    "count": 17
  },
  "240.0": {
    "avg_distance": 86.55555555555556,
    "frequency": 2.7,
    "count": 27
  },
  "90.0": {
    "avg_distance": 1538.0,
    "frequency": 0.8,
    "count": 8
  },
  "245.0": {
    "avg_distance": 327.125,
    "frequency": 0.8,
    "count": 8
  },
  "260.0": {
    "avg_distance": 1498.0,
    "frequency": 0.1,
    "count": 1
  }
}