{
  "timestamp": 1775228828.8313656,
  "corners": [
    {
      "name": "bottom_left",
      "angle": 349.12511627906974,
      "distance": 1105.0,
      "angle_std": 0.0,
      "distance_std": 0.0,
      "sample_count": 1,
      "total_scans": 20
    },
    {
      "name": "bottom_right",
      "angle": 22.200232558139533,
      "distance": 1177.0,
      "angle_std": 0.0,
      "distance_std": 0.0,
      "sample_count": 1,
      "total_scans": 20
    },
    {
      "name": "top_right",
      "angle": 13.8359241126071,
      "distance": 1559.4736842105262,
      "angle_std": 0.0,
      "distance_std": 0.0,
      "sample_count": 1,
      "total_scans": 20
    },
    {
      "name": "top_left",
      "angle": 349.6391792065664,
      "distance": 1527.5294117647059,
      "angle_std": 0.0,
      "distance_std": 0.0,
      "sample_count": 1,
      "total_scans": 20
    }
  ]
}