{
  "timestamp": 1775066685.7890427,
  "corners": [
    {
      "name": "top_right",
      "angle": 14.856482558139534,
      "distance": 1709.8125,
      "angle_std": 0.0,
      "distance_std": 0.0,
      "sample_count": 1,
      "total_scans": 20
    },
    {
      "name": "bottom_right",
      "angle": 21.811524547803618,
      "distance": 1258.5555555555557,
      "angle_std": 0.0,
      "distance_std": 0.0,
      "sample_count": 1,
      "total_scans": 20
    },
    {
      "name": "bottom_left",
      "angle": 344.0427441860465,
      "distance": 1173.0,
      "angle_std": 0.0,
      "distance_std": 0.0,
      "sample_count": 1,
      "total_scans": 20
    },
    {
      "name": "top_left",
      "angle": 347.8952804377564,
      "distance": 1658.9411764705883,
      "angle_std": 0.0,
      "distance_std": 0.0,
      "sample_count": 1,
      "total_scans": 20
    }
  ]
}